{"id": 0, "scores": 0.0378182828426361}
{"id": 1, "scores": 0.0290665179491043}
{"id": 2, "scores": 0.0294455587863922}
{"id": 3, "scores": 0.0183122903108596}
{"id": 4, "scores": 0.0209815204143524}
{"id": 5, "scores": 0.0409658551216125}
{"id": 6, "scores": 0.0131780803203582}
{"id": 7, "scores": 0.0039336085319519}
{"id": 8, "scores": 0.0458302795886993}
{"id": 9, "scores": 0.0344413220882415}
{"id": 10, "scores": 0.0380691587924957}
{"id": 11, "scores": 0.036620944738388}
{"id": 12, "scores": 0.0284589529037475}
{"id": 13, "scores": 0.006663829088211}
{"id": 14, "scores": 0.0189513564109802}
{"id": 15, "scores": 0.0250009596347808}
{"id": 16, "scores": 0.020524263381958}
{"id": 17, "scores": 0.0156170576810836}
{"id": 18, "scores": 0.0262273550033569}
{"id": 19, "scores": 0.0215564668178558}
{"id": 20, "scores": 0.0275759696960449}
{"id": 21, "scores": 0.0133172273635864}
{"id": 22, "scores": 0.0072135031223297}
{"id": 23, "scores": 0.0213377177715301}
{"id": 24, "scores": 0.0075799524784088}
{"id": 25, "scores": 0.0242926776409149}
{"id": 26, "scores": 0.0041333585977554}
{"id": 27, "scores": 0.04728364944458}
{"id": 28, "scores": 0.0173672437667846}
{"id": 29, "scores": 0.0258483588695526}
{"id": 30, "scores": 0.0091416388750076}
{"id": 31, "scores": 0.0239089280366897}
{"id": 32, "scores": 0.0269496589899063}
{"id": 33, "scores": 0.018874317407608}
{"id": 34, "scores": 0.015220507979393}
{"id": 35, "scores": 0.0123151242733001}
{"id": 36, "scores": 0.0294828116893768}
{"id": 37, "scores": 0.0275386124849319}
{"id": 38, "scores": 0.0498054325580596}
{"id": 39, "scores": 0.0363954901695251}
{"id": 40, "scores": 0.0144888311624526}
{"id": 41, "scores": 0.0527278929948806}
{"id": 42, "scores": 0.0157846957445144}
{"id": 43, "scores": 0.0270248055458068}
{"id": 44, "scores": 0.0302454382181167}
{"id": 45, "scores": 0.0193898230791091}
{"id": 46, "scores": 0.0456884801387786}
{"id": 47, "scores": 0.015883132815361}
{"id": 48, "scores": 0.0328799784183502}
{"id": 49, "scores": 0.0317552685737609}
{"id": 50, "scores": 0.0275377631187438}
{"id": 51, "scores": 0.0251054912805557}
{"id": 52, "scores": 0.0330918729305267}
{"id": 53, "scores": 0.0352036207914352}
{"id": 54, "scores": 0.0146639943122863}
{"id": 55, "scores": 0.0020675808191299}
{"id": 56, "scores": 0.0219776928424835}
{"id": 57, "scores": 0.0062444508075714}
{"id": 58, "scores": 0.0305031239986419}
{"id": 59, "scores": 0.0820258855819702}
{"id": 60, "scores": 0.0096352398395538}
{"id": 61, "scores": 0.0408434122800827}
{"id": 62, "scores": 0.0024363845586776}
{"id": 63, "scores": 0.0260598063468933}
{"id": 64, "scores": 0.0280390232801437}
{"id": 65, "scores": 0.0129832029342651}
{"id": 66, "scores": 0.0155544131994247}
{"id": 67, "scores": 0.0189877599477767}
{"id": 68, "scores": 0.0227494835853576}
{"id": 69, "scores": 0.0247564017772674}
{"id": 70, "scores": 0.0205162167549133}
{"id": 71, "scores": 0.0314181149005889}
{"id": 72, "scores": 0.0245504528284072}
{"id": 73, "scores": 0.0259160101413726}
{"id": 74, "scores": 0.0395228862762451}
{"id": 75, "scores": 0.0093481242656707}
{"id": 76, "scores": 0.0582926571369171}
{"id": 77, "scores": 0.0488024950027465}
{"id": 78, "scores": 0.0276849120855331}
{"id": 79, "scores": 0.0367197692394256}
{"id": 80, "scores": 0.0170556008815765}
{"id": 81, "scores": 0.01332888007164}
{"id": 82, "scores": 0.0247051566839218}
{"id": 83, "scores": 0.0238990932703018}
{"id": 84, "scores": 0.0420106053352355}
{"id": 85, "scores": 0.0279559046030044}
{"id": 86, "scores": 0.0255989730358123}
{"id": 87, "scores": 0.0177592933177948}
{"id": 88, "scores": 0.0023521780967712}
{"id": 89, "scores": 0.0290968418121337}
{"id": 90, "scores": 0.0339941084384918}
{"id": 91, "scores": 0.0319626927375793}
{"id": 92, "scores": 0.0466251522302627}
{"id": 93, "scores": 0.0185394138097763}
{"id": 94, "scores": 0.0721967667341232}
{"id": 95, "scores": 0.0328073799610137}
{"id": 96, "scores": 0.0361545979976654}
{"id": 97, "scores": 0.020355612039566}
{"id": 98, "scores": 0.0463309586048126}
{"id": 99, "scores": 0.0084450393915176}
{"id": 100, "scores": 0.0537617653608322}
{"id": 101, "scores": 0.0072239935398101}
{"id": 102, "scores": 0.015571966767311}
{"id": 103, "scores": 0.0083850026130676}
{"id": 104, "scores": 0.0181031376123428}
{"id": 105, "scores": 0.0482722967863082}
{"id": 106, "scores": 0.016889750957489}
{"id": 107, "scores": 0.0323085486888885}
{"id": 108, "scores": 0.0071736425161361}
{"id": 109, "scores": 0.0177346318960189}
{"id": 110, "scores": 0.0444262027740478}
{"id": 111, "scores": 0.031731829047203}
{"id": 112, "scores": 0.0184258371591568}
{"id": 113, "scores": 0.0167318284511566}
{"id": 114, "scores": 0.0357429683208465}
{"id": 115, "scores": 0.0314986705780029}
{"id": 116, "scores": 0.0342726707458496}
{"id": 117, "scores": 0.012304350733757}
{"id": 118, "scores": 0.0220076143741607}
{"id": 119, "scores": 0.0221230834722518}
{"id": 120, "scores": 0.0432752072811126}
{"id": 121, "scores": 0.0314546525478363}
{"id": 122, "scores": 0.0145057290792465}
{"id": 123, "scores": 0.0294496119022369}
{"id": 124, "scores": 0.0523269176483154}
{"id": 125, "scores": 0.0196815282106399}
{"id": 126, "scores": 0.0424325168132782}
{"id": 127, "scores": 0.0094458758831024}
{"id": 128, "scores": 0.0264452546834945}
{"id": 129, "scores": 0.0520808845758438}
{"id": 130, "scores": 0.0052472949028015}
{"id": 131, "scores": 0.037745714187622}
{"id": 132, "scores": 0.0227020233869552}
{"id": 133, "scores": 0.017583280801773}
{"id": 134, "scores": 0.0216462314128875}
{"id": 135, "scores": 0.010782778263092}
{"id": 136, "scores": 0.045334905385971}
{"id": 137, "scores": 0.0126634836196899}
{"id": 138, "scores": 0.0495368540287017}
{"id": 139, "scores": 0.0395043790340423}
{"id": 140, "scores": 0.0550871640443801}
{"id": 141, "scores": 0.0114414244890213}
{"id": 142, "scores": 0.0152139663696289}
{"id": 143, "scores": 0.0264833867549896}
{"id": 144, "scores": 0.0159991979598999}
{"id": 145, "scores": 0.0124028325080871}
{"id": 146, "scores": 0.0238943099975585}
{"id": 147, "scores": 0.0457029938697814}
{"id": 148, "scores": 0.0093300193548202}
{"id": 149, "scores": 0.0306533128023147}
{"id": 150, "scores": 0.0340655744075775}
{"id": 151, "scores": 0.0369845330715179}
{"id": 152, "scores": 0.0380222499370574}
{"id": 153, "scores": 0.0338914394378662}
{"id": 154, "scores": 0.0179933011531829}
{"id": 155, "scores": 0.0253752171993255}
{"id": 156, "scores": 0.0290182083845138}
{"id": 157, "scores": 0.0251142084598541}
{"id": 158, "scores": 0.0328313112258911}
{"id": 159, "scores": 0.0326202809810638}
{"id": 160, "scores": 0.0149917602539062}
{"id": 161, "scores": 0.0193201005458831}
{"id": 162, "scores": 0.0129133462905883}
{"id": 163, "scores": 0.032292827963829}
{"id": 164, "scores": 0.0319896042346954}
{"id": 165, "scores": 0.0298574864864349}
{"id": 166, "scores": 0.0205205082893371}
{"id": 167, "scores": 0.0119198709726333}
{"id": 168, "scores": 0.0300957560539245}
{"id": 169, "scores": 0.026537150144577}
{"id": 170, "scores": 0.0298994183540344}
{"id": 171, "scores": 0.0078301131725311}
{"id": 172, "scores": 0.0176569521427154}
{"id": 173, "scores": 0.0061061978340148}
{"id": 174, "scores": 0.0275515913963317}
{"id": 175, "scores": 0.0018025785684585}
{"id": 176, "scores": 0.0192917436361312}
{"id": 177, "scores": 0.0531292259693145}
{"id": 178, "scores": 0.0}
{"id": 179, "scores": 0.016753613948822}
{"id": 180, "scores": 0.0429516434669494}
{"id": 181, "scores": 0.025629922747612}
{"id": 182, "scores": 0.0527508407831192}
{"id": 183, "scores": 0.0378853529691696}
{"id": 184, "scores": 0.0369748175144195}
{"id": 185, "scores": 0.0621161162853241}
{"id": 186, "scores": 0.0237515270709991}
{"id": 187, "scores": 0.0088015347719192}
{"id": 188, "scores": 0.0101744085550308}
{"id": 189, "scores": 0.0372267067432403}
{"id": 190, "scores": 0.0437093377113342}
{"id": 191, "scores": 0.0216058641672134}
{"id": 192, "scores": 0.0208168923854827}
{"id": 193,