{"id": 0, "scores": 0.0203311383724212}
{"id": 1, "scores": 0.031762084364891}
{"id": 2, "scores": 0.015741704404354}
{"id": 3, "scores": 0.0142815692557228}
{"id": 4, "scores": 0.0449931480818324}
{"id": 5, "scores": 0.0245935290175325}
{"id": 6, "scores": 0.0033157893589564}
{"id": 7, "scores": 0.002814881503582}
{"id": 8, "scores": 0.0423417757539188}
{"id": 9, "scores": 0.0576659501702697}
{"id": 10, "scores": 0.0130517582098642}
{"id": 11, "scores": 0.0309723835924397}
{"id": 12, "scores": 0.0166345834732055}
{"id": 13, "scores": 0.0154821209943116}
{"id": 14, "scores": 0.0432151193554336}
{"id": 15, "scores": 0.0278357694546381}
{"id": 16, "scores": 0.0588952380677928}
{"id": 17, "scores": 0.0425004576737025}
{"id": 18, "scores": 0.0167474213399385}
{"id": 19, "scores": 0.0184661587502094}
{"id": 20, "scores": 0.0416309297084808}
{"id": 21, "scores": 0.0306638426160159}
{"id": 22, "scores": 0.004460475066813}
{"id": 23, "scores": 0.0293243669945261}
{"id": 24, "scores": 0.011918771479811}
{"id": 25, "scores": 0.0132701005786657}
{"id": 26, "scores": 0.0107717843432175}
{"id": 27, "scores": 0.0522072960933049}
{"id": 28, "scores": 0.0087554425962509}
{"id": 29, "scores": 0.0147603745846187}
{"id": 30, "scores": 0.020521980139517}
{"id": 31, "scores": 0.017315303737467}
{"id": 32, "scores": 0.0287476484264646}
{"id": 33, "scores": 0.0360541093349456}
{"id": 34, "scores": 0.0380479304686837}
{"id": 35, "scores": 0.0359383402643976}
{"id": 36, "scores": 0.0301805080638991}
{"id": 37, "scores": 0.0311481667601544}
{"id": 38, "scores": 0.0514574082274186}
{"id": 39, "scores": 0.0449972331523895}
{"id": 40, "scores": 0.0171275548636913}
{"id": 41, "scores": 0.0583676031657627}
{"id": 42, "scores": 0.0068135215685918}
{"id": 43, "scores": 0.039162927865982}
{"id": 44, "scores": 0.0353832389077832}
{"id": 45, "scores": 0.0112113221125169}
{"id": 46, "scores": 0.0159316758314768}
{"id": 47, "scores": 0.0315651816350442}
{"id": 48, "scores": 0.0327583365142345}
{"id": 49, "scores": 0.0411262035369872}
{"id": 50, "scores": 0.0134841650724411}
{"id": 51, "scores": 0.0240343176588719}
{"id": 52, "scores": 0.0364298632270411}
{"id": 53, "scores": 0.0398067889305261}
{"id": 54, "scores": 0.0281072321037451}
{"id": 55, "scores": 0.0016266946439389}
{"id": 56, "scores": 0.0085254562528509}
{"id": 57, "scores": 0.0045486390590667}
{"id": 58, "scores": 0.0429158862680196}
{"id": 59, "scores": 0.0408352932025646}
{"id": 60, "scores": 0.0241705651084581}
{"id": 61, "scores": 0.0424455247427287}
{"id": 62, "scores": 0.0117513699965043}
{"id": 63, "scores": 0.0356084209296011}
{"id": 64, "scores": 0.004307793622667}
{"id": 65, "scores": 0.0026657680670419}
{"id": 66, "scores": 0.0192765081074179}
{"id": 67, "scores": 0.0405395030975341}
{"id": 68, "scores": 0.0295978201472241}
{"id": 69, "scores": 0.0279605415250573}
{"id": 70, "scores": 0.0356137462352451}
{"id": 71, "scores": 0.0329087039698725}
{"id": 72, "scores": 0.0245419694317712}
{"id": 73, "scores": 0.0479284524917602}
{"id": 74, "scores": 0.0350383857885996}
{"id": 75, "scores": 0.0271121865632583}
{"id": 76, "scores": 0.0425389297306537}
{"id": 77, "scores": 0.0434784610425272}
{"id": 78, "scores": 0.0090980993376837}
{"id": 79, "scores": 0.0277473816746159}
{"id": 80, "scores": 0.0207891374826431}
{"id": 81, "scores": 0.0254798214281758}
{"id": 82, "scores": 0.0225789730365459}
{"id": 83, "scores": 0.0600195985573989}
{"id": 84, "scores": 0.0143127650827974}
{"id": 85, "scores": 0.0280538609153345}
{"id": 86, "scores": 0.0198120072484015}
{"id": 87, "scores": 0.0239082398238005}
{"id": 88, "scores": 0.0042373998598619}
{"id": 89, "scores": 0.0411008488048206}
{"id": 90, "scores": 0.038566608320583}
{"id": 91, "scores": 0.0421388785947453}
{"id": 92, "scores": 0.0417082121497706}
{"id": 93, "scores": 0.0021919161081314}
{"id": 94, "scores": 0.0369066286320779}
{"id": 95, "scores": 0.0118951267666287}
{"id": 96, "scores": 0.0394173692102017}
{"id": 97, "scores": 0.0489312410354614}
{"id": 98, "scores": 0.0422097593545913}
{"id": 99, "scores": 0.0209884750843047}
{"id": 100, "scores": 0.0319541213767868}
{"id": 101, "scores": 0.0278874907804571}
{"id": 102, "scores": 0.0020423594274019}
{"id": 103, "scores": 0.021840457853518}
{"id": 104, "scores": 0.0362568715134182}
{"id": 105, "scores": 0.0492487251758575}
{"id": 106, "scores": 0.036879189312458}
{"id": 107, "scores": 0.0407705104776791}
{"id": 108, "scores": 0.0177887465272631}
{"id": 109, "scores": 0.0158032706805637}
{"id": 110, "scores": 0.0506985416779151}
{"id": 111, "scores": 0.0286751136183738}
{"id": 112, "scores": 0.0123906561306544}
{"id": 113, "scores": 0.0419356393814086}
{"id": 114, "scores": 0.0257432411114374}
{"id": 115, "scores": 0.0289439775727011}
{"id": 116, "scores": 0.0160874344151595}
{"id": 117, "scores": 0.0119889030853906}
{"id": 118, "scores": 0.0421243655054193}
{"id": 119, "scores": 0.0249432373878567}
{"id": 120, "scores": 0.0494901342638607}
{"id": 121, "scores": 0.0333690093830227}
{"id": 122, "scores": 0.037376079421777}
{"id": 123, "scores": 0.0285380619267622}
{"id": 124, "scores": 0.043425990268588}
{"id": 125, "scores": 0.0164050903855538}
{"id": 126, "scores": 0.0320133622735738}
{"id": 127, "scores": 0.0291565004736185}
{"id": 128, "scores": 0.0486841672851193}
{"id": 129, "scores": 0.0455468346675237}
{"id": 130, "scores": 0.0163466705792192}
{"id": 131, "scores": 0.0233811210183536}
{"id": 132, "scores": 0.0342654901392319}
{"id": 133, "scores": 0.0342489046355088}
{"id": 134, "scores": 0.0152626534303029}
{"id": 135, "scores": 0.0061208948050395}
{"id": 136, "scores": 0.049681794643402}
{"id": 137, "scores": 0.0104377781972289}
{"id": 138, "scores": 0.0444342792034149}
{"id": 139, "scores": 0.0308261546823713}
{"id": 140, "scores": 0.0384101402014493}
{"id": 141, "scores": 0.0254034650953192}
{"id": 142, "scores": 0.0072890989482402}
{"id": 143, "scores": 0.0478306458546564}
{"id": 144, "scores": 0.0372197777032852}
{"id": 145, "scores": 0.0067448381866727}
{"id": 146, "scores": 0.01963500891413}
{"id": 147, "scores": 0.0387271613371177}
{"id": 148, "scores": 0.010496355154935}
{"id": 149, "scores": 0.03615763341939}
{"id": 150, "scores": 0.0396604247582264}
{"id": 151, "scores": 0.0279745622114702}
{"id": 152, "scores": 0.0343068987131118}
{"id": 153, "scores": 0.0198975463708241}
{"id": 154, "scores": 0.0208640772104263}
{"id": 155, "scores": 0.0142780296942767}
{"id": 156, "scores": 0.0183513550846664}
{"id": 157, "scores": 0.0308460425912288}
{"id": 158, "scores": 0.0311989684899648}
{"id": 159, "scores": 0.0495034879759738}
{"id": 160, "scores": 0.0230827014893293}
{"id": 161, "scores": 0.0488576723469628}
{"id": 162, "scores": 0.0110604677881512}
{"id": 163, "scores": 0.009043949842453}
{"id": 164, "scores": 0.0380681554476419}
{"id": 165, "scores": 0.0276287984516885}
{"id": 166, "scores": 0.0303953227897485}
{"id": 167, "scores": 0.0006135845184326}
{"id": 168, "scores": 0.0325342615445455}
{"id": 169, "scores": 0.0292322486639022}
{"id": 170, "scores": 0.0353239215910434}
{"id": 171, "scores": 0.0125876352190971}
{"id": 172, "scores": 0.0539240444248373}
{"id": 173, "scores": 0.0306510883569717}
{"id": 174, "scores": 0.0379434838410346}
{"id": 175, "scores": 0.0027129848798116}
{"id": 176, "scores": 0.0204686063986557}
{"id": 177, "scores": 0.0591853022575378}
{"id": 178, "scores": -1.4901161193847656e-08}
{"id": 179, "scores": 0.0218008382523313}
{"id": 180, "scores": 0.042531463431149}
{"id": 181, "scores": 0.0265761564175287}
{"id": 182, "scores": 0.0564463999536302}
{"id": 183, "scores": 0.0210249699928142}
{"id": 184, "scores": 0.0292338252067565}
{"id": 185, "scores": 0.04926984111468}
{"id": 186, "scores": 0.0200362182580507}
{"id": 187, "scores": 0.0119865904020708}
{"id": 188, "scores": 0.019192735850811}
{"id": 189, "scores": 0.0386458113789558}
{"id": 190, "scores": 0.026379336010326}
{"id": 191, "scores": 0.0377020204067229}
{"id": 192, "scores": 0.038917941409488}
{"id": 193,