{"id": 0, "scores": 0.0611922442913055}
{"id": 1, "scores": 0.041937306523323}
{"id": 2, "scores": 0.0153024792671203}
{"id": 3, "scores": 0.0447980165481567}
{"id": 4, "scores": 0.0209263712167739}
{"id": 5, "scores": 0.0143378674983978}
{"id": 6, "scores": 0.03168186545372}
{"id": 7, "scores": 0.0268319696187973}
{"id": 8, "scores": 0.0485507547855377}
{"id": 9, "scores": 0.016724482178688}
{"id": 10, "scores": 0.0422232151031494}
{"id": 11, "scores": 0.0363865345716476}
{"id": 12, "scores": 0.0074066817760467}
{"id": 13, "scores": 0.0080605894327163}
{"id": 14, "scores": 0.0318324714899063}
{"id": 15, "scores": 0.0214074701070785}
{"id": 16, "scores": 0.0053592920303344}
{"id": 17, "scores": 0.0445418059825897}
{"id": 18, "scores": 0.0367902070283889}
{"id": 19, "scores": 0.0336608290672302}
{"id": 20, "scores": 0.0178220868110656}
{"id": 21, "scores": 0.0222526639699935}
{"id": 22, "scores": 0.0257295072078704}
{"id": 23, "scores": 0.0300629884004592}
{"id": 24, "scores": 0.0217482298612594}
{"id": 25, "scores": 0.0246381908655166}
{"id": 26, "scores": 0.0366094559431076}
{"id": 27, "scores": 0.0146723687648773}
{"id": 28, "scores": 0.0290068835020065}
{"id": 29, "scores": 0.016213521361351}
{"id": 30, "scores": 0.060646042227745}
{"id": 31, "scores": 0.022462174296379}
{"id": 32, "scores": 0.0193308740854263}
{"id": 33, "scores": 0.0309292376041412}
{"id": 34, "scores": 0.0242163687944412}
{"id": 35, "scores": 0.0181593745946884}
{"id": 36, "scores": 0.0273393839597702}
{"id": 37, "scores": 0.0148529410362243}
{"id": 38, "scores": 0.0315428078174591}
{"id": 39, "scores": 0.0266644954681396}
{"id": 40, "scores": 0.0247154831886291}
{"id": 41, "scores": 0.0330097675323486}
{"id": 42, "scores": 0.029545858502388}
{"id": 43, "scores": 0.0647094845771789}
{"id": 44, "scores": 0.02903613448143}
{"id": 45, "scores": 0.0143395662307739}
{"id": 46, "scores": 0.0193603634834289}
{"id": 47, "scores": 0.0311247110366821}
{"id": 48, "scores": 0.015222743153572}
{"id": 49, "scores": 0.0121883153915405}
{"id": 50, "scores": 0.0234841257333755}
{"id": 51, "scores": 0.0396051704883575}
{"id": 52, "scores": 0.0419453531503677}
{"id": 53, "scores": 0.0195045471191406}
{"id": 54, "scores": 0.0159519612789154}
{"id": 55, "scores": 0.0404056757688522}
{"id": 56, "scores": 0.0276190936565399}
{"id": 57, "scores": 0.0293110162019729}
{"id": 58, "scores": 0.0149397403001785}
{"id": 59, "scores": 0.0272604525089263}
{"id": 60, "scores": 0.0335402488708496}
{"id": 61, "scores": 0.0188546776771545}
{"id": 62, "scores": 0.0274502038955688}
{"id": 63, "scores": 0.0180716216564178}
{"id": 64, "scores": 0.0332186222076416}
{"id": 65, "scores": 0.0258949398994445}
{"id": 66, "scores": 0.0290808528661727}
{"id": 67, "scores": 0.0463147312402725}
{"id": 68, "scores": 0.0445443987846374}
{"id": 69, "scores": 0.0240285545587539}
{"id": 70, "scores": 0.0370240062475204}
{"id": 71, "scores": 0.0200255513191223}
{"id": 72, "scores": 0.030353233218193}
{"id": 73, "scores": 0.0657073855400085}
{"id": 74, "scores": 0.02194145321846}
{"id": 75, "scores": 0.0469730198383331}
{"id": 76, "scores": 0.0535489916801452}
{"id": 77, "scores": 0.0190152525901794}
{"id": 78, "scores": 0.016751006245613}
{"id": 79, "scores": 0.0214044004678726}
{"id": 80, "scores": 0.0264389961957931}
{"id": 81, "scores": 0.0129780769348144}
{"id": 82, "scores": 0.0108165889978408}
{"id": 83, "scores": 0.0223252028226852}
{"id": 84, "scores": 0.0478487908840179}
{"id": 85, "scores": 0.0311604142189025}
{"id": 86, "scores": 0.0282555073499679}
{"id": 87, "scores": 0.0283544063568115}
{"id": 88, "scores": 0.0780510604381561}
{"id": 89, "scores": 0.0365279018878936}
{"id": 90, "scores": 0.0329797565937042}
{"id": 91, "scores": 0.0300017744302749}
{"id": 92, "scores": 0.0243291109800338}
{"id": 93, "scores": 0.0293824523687362}
{"id": 94, "scores": 0.0236373990774154}
{"id": 95, "scores": 0.0191165804862976}
{"id": 96, "scores": 0.0305157452821731}
{"id": 97, "scores": 0.014841690659523}
{"id": 98, "scores": 0.0518174767494201}
{"id": 99, "scores": 0.0138941258192062}
{"id": 100, "scores": 0.0608291774988174}
{"id": 101, "scores": 0.0429194271564483}
{"id": 102, "scores": 0.0390535742044448}
{"id": 103, "scores": 0.0296331197023391}
{"id": 104, "scores": 0.0222954452037811}
{"id": 105, "scores": 0.0339694321155548}
{"id": 106, "scores": 0.0215081572532653}
{"id": 107, "scores": 0.0424830466508865}
{"id": 108, "scores": 0.0044222623109817}
{"id": 109, "scores": 0.0382665395736694}
{"id": 110, "scores": 0.0089146792888641}
{"id": 111, "scores": 0.0250704586505889}
{"id": 112, "scores": 0.0110742300748825}
{"id": 113, "scores": 0.0220337510108947}
{"id": 114, "scores": 0.0269132852554321}
{"id": 115, "scores": 0.0423483103513717}
{"id": 116, "scores": 0.0308084785938262}
{"id": 117, "scores": 0.0254251360893249}
{"id": 118, "scores": 0.0390404015779495}
{"id": 119, "scores": 0.0152038484811782}
{"id": 120, "scores": 0.0194371193647384}
{"id": 121, "scores": 0.0701760947704315}
{"id": 122, "scores": 0.011259838938713}
{"id": 123, "scores": 0.0186609774827957}
{"id": 124, "scores": 0.0209050327539443}
{"id": 125, "scores": 0.008138358592987}
{"id": 126, "scores": 0.0110976099967956}
{"id": 127, "scores": 0.0311414897441864}
{"id": 128, "scores": 0.0159820616245269}
{"id": 129, "scores": 0.0160046219825744}
{"id": 130, "scores": 0.030886560678482}
{"id": 131, "scores": 0.0154370665550231}
{"id": 132, "scores": 0.0122904777526855}
{"id": 133, "scores": 0.0047719925642013}
{"id": 134, "scores": 0.0274059176445007}
{"id": 135, "scores": 0.042083129286766}
{"id": 136, "scores": 0.0384984910488128}
{"id": 137, "scores": 0.014878898859024}
{"id": 138, "scores": 0.0144335925579071}
{"id": 139, "scores": 0.0246825665235519}
{"id": 140, "scores": 0.0081435739994049}
{"id": 141, "scores": 0.0265490263700485}
{"id": 142, "scores": 0.0234873443841934}
{"id": 143, "scores": 0.0107859671115875}
{"id": 144, "scores": 0.0126653611660003}
{"id": 145, "scores": 0.0196307152509689}
{"id": 146, "scores": 0.0152078568935394}
{"id": 147, "scores": 0.0408312529325485}
{"id": 148, "scores": 0.0218351930379867}
{"id": 149, "scores": 0.0304591059684753}
{"id": 150, "scores": 0.0349618196487426}
{"id": 151, "scores": 0.0442402213811874}
{"id": 152, "scores": 0.0077987313270568}
{"id": 153, "scores": 0.0372312366962432}
{"id": 154, "scores": 0.0275457054376602}
{"id": 155, "scores": 0.0376234352588653}
{"id": 156, "scores": 0.020084798336029}
{"id": 157, "scores": 0.0232217460870742}
{"id": 158, "scores": 0.0091648399829864}
