{"id": 0, "scores": 0.0353766565139477}
{"id": 1, "scores": 0.0445299829755511}
{"id": 2, "scores": 0.0191681298116842}
{"id": 3, "scores": 0.0309197556328129}
{"id": 4, "scores": 0.0294477525684568}
{"id": 5, "scores": 0.0256390959586737}
{"id": 6, "scores": 0.0293607318943197}
{"id": 7, "scores": 0.0312932358338282}
{"id": 8, "scores": 0.0348029677257981}
{"id": 9, "scores": 0.0109472800703609}
{"id": 10, "scores": 0.0310753233292523}
{"id": 11, "scores": 0.0280280287923484}
{"id": 12, "scores": 0.0085413411259651}
{"id": 13, "scores": 0.0090240515542753}
{"id": 14, "scores": 0.0326679543573029}
{"id": 15, "scores": 0.0168082639575004}
{"id": 16, "scores": 0.0056501942522385}
{"id": 17, "scores": 0.0489856158242081}
{"id": 18, "scores": 0.0307940381604272}
{"id": 19, "scores": 0.0404648191255071}
{"id": 20, "scores": 0.0112351661636715}
{"id": 21, "scores": 0.0084156082833514}
{"id": 22, "scores": 0.0293006932034212}
{"id": 23, "scores": 0.0232740308229739}
{"id": 24, "scores": 0.0355724611065604}
{"id": 25, "scores": 0.027977446347107}
{"id": 26, "scores": 0.0285139541800428}
{"id": 27, "scores": 0.0080975706760699}
{"id": 28, "scores": 0.0413665934042497}
{"id": 29, "scores": 0.0375896163706509}
{"id": 30, "scores": 0.0334895810014322}
{"id": 31, "scores": 0.0122134735186895}
{"id": 32, "scores": 0.0074683344364165}
{"id": 33, "scores": 0.0359921568915957}
{"id": 34, "scores": 0.0183562943429658}
{"id": 35, "scores": 0.02123667134179}
{"id": 36, "scores": 0.030064929808889}
{"id": 37, "scores": 0.0236066907644272}
{"id": 38, "scores": 0.0281383005940184}
{"id": 39, "scores": 0.0436121400060325}
{"id": 40, "scores": 0.0320846853511673}
{"id": 41, "scores": 0.035305425044029}
{"id": 42, "scores": 0.0333241183383792}
{"id": 43, "scores": 0.0165434341345515}
{"id": 44, "scores": 0.0358394410299218}
{"id": 45, "scores": 0.0251466728025867}
{"id": 46, "scores": 0.0302707538008689}
{"id": 47, "scores": 0.0528336669717516}
{"id": 48, "scores": 0.0148324014679077}
{"id": 49, "scores": 0.0156332414883834}
{"id": 50, "scores": 0.0401793267275836}
{"id": 51, "scores": 0.0403875763769503}
{"id": 52, "scores": 0.0406022953490415}
{"id": 53, "scores": 0.036759927868843}
{"id": 54, "scores": 0.0134908234079679}
{"id": 55, "scores": 0.0192762070468494}
{"id": 56, "scores": 0.0295580275680708}
{"id": 57, "scores": 0.0236685417200389}
{"id": 58, "scores": 0.0169510017884405}
{"id": 59, "scores": 0.0295192442442241}
{"id": 60, "scores": 0.0161005686158719}
{"id": 61, "scores": 0.0137844304554164}
{"id": 62, "scores": 0.0156373060666598}
{"id": 63, "scores": 0.0320205390453338}
{"id": 64, "scores": 0.0378093843190174}
{"id": 65, "scores": 0.0324558371403178}
{"id": 66, "scores": 0.0317676639234697}
{"id": 67, "scores": 0.0378247491824321}
{"id": 68, "scores": 0.0391837915648585}
{"id": 69, "scores": 0.039609710757549}
{"id": 70, "scores": 0.0185116176803906}
{"id": 71, "scores": 0.0164456761652423}
{"id": 72, "scores": 0.0071455877880717}
{"id": 73, "scores": 0.0413469163080056}
{"id": 74, "scores": 0.0298552241014398}
{"id": 75, "scores": 0.0170310248931249}
{"id": 76, "scores": 0.0477455705404281}
{"id": 77, "scores": 0.0441503865378243}
{"id": 78, "scores": 0.0369431674480438}
{"id": 79, "scores": 0.0316235361234197}
{"id": 80, "scores": 0.0379613349835078}
{"id": 81, "scores": 0.0126377422558633}
{"id": 82, "scores": 0.008910879263511}
{"id": 83, "scores": 0.0107655711472034}
{"id": 84, "scores": 0.0269201946885961}
{"id": 85, "scores": 0.0308777422740541}
{"id": 86, "scores": 0.0438095194598039}
{"id": 87, "scores": 0.0305300106604894}
{"id": 88, "scores": 0.0598389469087123}
{"id": 89, "scores": 0.0493187246223291}
{"id": 90, "scores": 0.0355314449830488}
{"id": 91, "scores": 0.0466800580422083}
{"id": 92, "scores": 0.0029737137733621}
{"id": 93, "scores": 0.0399430783895345}
{"id": 94, "scores": 0.0236480300490921}
{"id": 95, "scores": 0.0303836954964531}
{"id": 96, "scores": 0.0284278171184735}
{"id": 97, "scores": 0.0270067484755265}
{"id": 98, "scores": 0.0382875048595926}
{"id": 99, "scores": 0.0334223166660025}
{"id": 100, "scores": 0.0461127743698083}
{"id": 101, "scores": 0.0155930685442547}
{"id": 102, "scores": 0.0310818527055822}
{"id": 103, "scores": 0.0329258129931986}
{"id": 104, "scores": 0.0409450903534889}
{"id": 105, "scores": 0.0385054067841598}
{"id": 106, "scores": 0.039032757282257}
{"id": 107, "scores": 0.0242212840488978}
{"id": 108, "scores": 0.0130627758446193}
{"id": 109, "scores": 0.0312151317879304}
{"id": 110, "scores": 0.0129351128231395}
{"id": 111, "scores": 0.0401076744000117}
{"id": 112, "scores": 0.0286263446013133}
{"id": 113, "scores": 0.0252456068992614}
{"id": 114, "scores": 0.0293878423316138}
{"id": 115, "scores": 0.0526379878456527}
{"id": 116, "scores": 0.0419077328065546}
{"id": 117, "scores": 0.0359911983077591}
{"id": 118, "scores": 0.0377400477727254}
{"id": 119, "scores": 0.0389113336801528}
{"id": 120, "scores": 0.0362913244300417}
{"id": 121, "scores": 0.0609622593611887}
{"id": 122, "scores": 0.033238293396102}
{"id": 123, "scores": 0.0361567665548885}
{"id": 124, "scores": 0.0344333168285996}
{"id": 125, "scores": 0.0260403293210107}
{"id": 126, "scores": 0.0332361234808867}
{"id": 127, "scores": 0.0372328355356499}
{"id": 128, "scores": 0.0352010290797163}
{"id": 129, "scores": 0.0284498368318264}
{"id": 130, "scores": 0.0541895921413715}
{"id": 131, "scores": 0.0432110006159002}
{"id": 132, "scores": 0.0377117395401001}
{"id": 133, "scores": 0.0058948585620293}
{"id": 134, "scores": 0.0330323516312291}
{"id": 135, "scores": 0.0432187003501947}
{"id": 136, "scores": 0.0464606415002774}
{"id": 137, "scores": 0.014158217995255}
{"id": 138, "scores": 0.0375181457092022}
{"id": 139, "scores": 0.0396901274982252}
{"id": 140, "scores": 0.0364641430901317}
{"id": 141, "scores": 0.0363849865538733}
{"id": 142, "scores": 0.0432997674777589}
{"id": 143, "scores": 0.0310958385467529}
{"id": 144, "scores": 0.0036667561720288}
{"id": 145, "scores": 0.0116114138170729}
{"id": 146, "scores": 0.048102277882245}
{"id": 147, "scores": 0.0402412902225147}
{"id": 148, "scores": 0.0415071547031402}
{"id": 149, "scores": 0.0428476180349077}
{"id": 150, "scores": 0.0355185306072235}
{"id": 151, "scores": 0.0430387740439557}
{"id": 152, "scores": 0.027686225871245}
{"id": 153, "scores": 0.0381641423231676}
{"id": 154, "scores": 0.0356172850498786}
{"id": 155, "scores": 0.0383342663024334}
{"id": 156, "scores": 0.0151765115664038}
{"id": 157, "scores": 0.034739633090794}
{"id": 158, "scores": 0.0189244849117178}
